sample_support,sample_support_label,comparison,base_wave,comparison_wave,estimate,std.error,ci_low,ci_high,statistic,p.value
common_region_only,Common-region support only,2010_to_2016,2010,2016,0.17236862296914562,0.04001230679745105,0.0939459427077744,0.25079130323051685,4.307890165935802,1.648191891060085e-5
common_region_only,Common-region support only,2010_to_2022,2010,2022,0.14637276197832522,0.04747009154907761,0.05333309219931394,0.2394124317573365,3.0834733450428615,0.002045994378174509
common_region_only,Common-region support only,2016_to_2022,2016,2022,-0.025995860990820407,0.045780412772255245,-0.11572382122181817,0.06373209924017735,-0.5678380647230629,0.570144930433814
full_sample,Full sample,2010_to_2016,2010,2016,0.17236862296914562,0.04001230679745105,0.0939459427077744,0.25079130323051685,4.307890165935802,1.648191891060085e-5
full_sample,Full sample,2010_to_2022,2010,2022,0.1182017123828466,0.0416455059392791,0.036578020623910676,0.19982540414178251,2.838282540142259,0.004535701380165924
full_sample,Full sample,2016_to_2022,2016,2022,-0.05416691058629902,0.03970874924822982,-0.13199462898396142,0.023660807811363357,-1.3641051811450278,0.1725344643559877
