harmonization_variant,variant_label,comparison,base_wave,comparison_wave,estimate,std.error,ci_low,ci_high,statistic,p.value
locked_category_max,Locked max-parent category (baseline),2010_to_2016,2010,2016,0.17236862296914562,0.04001230679745105,0.0939459427077744,0.25079130323051685,4.307890165935802,1.648191891060085e-5
locked_category_max,Locked max-parent category (baseline),2016_to_2022,2016,2022,-0.05416691058629902,0.03970874924822982,-0.13199462898396142,0.023660807811363357,-1.3641051811450278,0.1725344643559877
locked_category_max,Locked max-parent category (baseline),2010_to_2022,2010,2022,0.1182017123828466,0.0416455059392791,0.036578020623910676,0.19982540414178251,2.838282540142259,0.004535701380165924
observed_max_parent_years,Observed max parent years where available,2010_to_2016,2010,2016,0.17550374401925822,0.03934693036346494,0.09838517760466146,0.25262231043385497,4.460417684379767,8.180007318649065e-6
observed_max_parent_years,Observed max parent years where available,2016_to_2022,2016,2022,-0.05416691058629902,0.03970874924822982,-0.13199462898396142,0.023660807811363357,-1.3641051811450278,0.1725344643559877
observed_max_parent_years,Observed max parent years where available,2010_to_2022,2010,2022,0.1213368334329592,0.041006638471259044,0.04096529890223688,0.20170836796368152,2.958955865597284,0.0030868330661574686
