parent_measure_category,n,share
both parents,17258,0.09533700509885594
mother only,8179,0.045182603123394526
father only,2468,0.013633777296556753
no usable parent measure,153116,0.8458466144811928
